speaker,line
RILEY,"Welcome back to Finance Fundamentals! I'm Riley with Alex, and today we're talking about insurance—probably the least exciting topic in personal finance, but... probably important?"
ALEX,"Riley, I love your honesty! Insurance is boring until you actually need it. Think of it as buying peace of mind—you're transferring financial risk to an insurance company for a relatively small premium so you can sleep better at night."
RILEY,But there are so many types of insurance! How do I know what I actually need?
ALEX,"The best way is to focus on what could cause you major financial problems. That means covering things like big medical expenses, situations that stop you from working (like a serious disability), leaving dependents without income, dealing with lawsuits, or losing your home or stuff in a disaster."
RILEY,That's... a lot of potential disasters!
ALEX,"True, but we can prioritize! Health insurance comes first—major medical bills can derail anyone's finances. After that, think about your own life: Do you have people who rely on your income? Do you own a car or home? What would really hurt you if something went wrong?"
RILEY,Let's start with health insurance. What should I look for?
ALEX,Understand a few terms:
RILEY,So a high-deductible plan means I pay more upfront but lower premiums?
ALEX,"Exactly! If you’re young and healthy, high-deductible plans can save you money—provided you actually have the cash for small medical expenses as they come up. If you have regular health needs, a lower deductible might be worth the higher monthly premium."
RILEY,What about life insurance? I don't have kids or dependents...
ALEX,"In that case, you probably don’t need it—life insurance is meant to replace your income for people who rely on you financially. If you have no dependents, you can usually skip it for now."
RILEY,One less thing to worry about! What if I do have dependents later?
ALEX,"Then term life insurance is usually best—it’s simple, pure protection for a set period (like 20 years), and the premiums are much lower than more ""complicated"" policies."
RILEY,What about whole life or universal life insurance?
ALEX,"Those policies mix insurance with investments, and they're usually much more expensive than basic term life. For most people, it’s better to “buy term and invest the rest”—keep insurance and investing separate."
RILEY,Keep insurance and investing separate?
ALEX,"Generally, yes. Insurance should cover risks, investing should grow your wealth. Bundling them usually leads to higher costs for poorer results."
RILEY,What about disability insurance? I never really thought about that...
ALEX,"Most people overlook this, but you’re far more likely to be disabled than die during your working years. Disability insurance replaces lost income if you can’t work. Many employers offer basic coverage, but you may want to top it up if you’d still be left with a large gap."
RILEY,How much does disability insurance cost?
ALEX,"Usually about 1–3% of your income. Employer plans are a good place to start, but don’t assume they’re enough—do the math for your own needs."
RILEY,"What about auto insurance? That's required by law, right?"
ALEX,"Yes! Liability coverage is required if you drive, but make sure you actually have enough—state minimums aren’t always adequate. Consider adding comprehensive and collision if your car is newer, financed, or valuable to you."
RILEY,How much liability coverage should I have?
ALEX,"More than the minimum! Serious accidents can lead to massive costs. A common guideline is coverage like ₹10 lakh per person, ₹30 lakh per accident, and ₹10 lakh for property damage, or more if you have significant assets."
RILEY,What about umbrella insurance?
ALEX,"Umbrella policies give you extra liability protection above your standard policies and are pretty affordable, especially useful if you have a lot in savings, own property, or have higher risks (like a side business)."
RILEY,When does someone need umbrella coverage?
ALEX,When your total wealth is higher than your other insurance policies cover. Say you have ₹50 lakh in assets but your auto or home policy covers only ₹30 lakh—an umbrella policy can fill that extra gap.
RILEY,What about renters insurance? My landlord already has insurance…
ALEX,"Your landlord’s insurance only covers the building, not your stuff! Renters insurance is cheap (sometimes less than ₹300 a month) and covers your belongings, liability, and temporary housing if your apartment becomes unlivable."
RILEY,That cheap? What does it actually cover?
ALEX,"Things like theft, fire, water damage, liability if someone gets hurt in your flat, and your extra expenses if you need to stay elsewhere while repairs are made."
RILEY,What about when I buy a house?
ALEX,"Homeowner’s insurance covers the building, your stuff, and liability. Make sure coverage matches the replacement cost to rebuild your home, not just what you paid for it (since land doesn’t need to be rebuilt)."
RILEY,What's the difference?
ALEX,"Land value isn’t covered—just the structure. For example, if you pay ₹1 crore for a house but the structure would cost ₹75 lakh to rebuild, that’s what needs coverage."
RILEY,Any insurance mistakes to avoid?
ALEX,"Being underinsured to save a few bucks. If money is tight, raise your deductibles before cutting coverage itself. Also, avoid filing small claims—they can make premiums rise."
RILEY,"So insurance is for big financial hits, not minor problems?"
ALEX,"Exactly. Use your emergency fund for the small annoyances, save insurance for true disasters that would derail your finances."
RILEY,What about newer types of insurance like identity theft or cyber coverage?
ALEX,"Identity theft plans are rarely worth it since you can freeze your credit for free and monitor accounts yourself. Cyber coverage can make sense if you run a business online—but for most people, some home or renters policies now include a bit of this by default."
RILEY,How often should I review my insurance?
ALEX,"At least every year, or any time your life changes in a big way—new job, marriage, having kids, buying a house."
RILEY,Any final insurance wisdom?
ALEX,"Insure against catastrophes you couldn’t handle alone. If a ₹40,000 car repair would wipe you out, boost your emergency savings—not your insurance. Reserve insurance for what could truly upend your finances."
RILEY,"So: insure the big things, self-insure the small ones."
ALEX,"Perfect summary! Next time, we'll wrap up with tax tips and year-end planning."
RILEY,"Honestly, this was more interesting than I expected! Thanks, Alex—and thanks everyone for joining Finance Fundamentals!"
